YearsOfExp,CompanyName,Title,Field of Study,Major,School Name,Gender,City ,State
0,Nagarro,0,"CS, B.Tech",0,Jaipur Engineering College and research center,0,0,0
3,Tata Consultancy Services,System Engineer,Electronics & Communication Engineering,B.Tech,Rajasthan Technical University Kota,female,Pune,Maharashtra
0,Oracle India,0,"Information Management, MBA",0,Tasmac,0,0,0
5,SAP Ariba,Commerce Support Engineer,Biotechnology,B.E,People's University,female,Bangalore,0
0,NA,0,"Computer Science and Engineering, B.E",0,KLS Gogte Institute of Technology,0,0,0
0,"Unisys India Ltd.,",0,"Chemical Engineering, B.Tech",0,Maharaja Vijayaram Gajapathy Raj College of Engineering,0,0,0
8,Crowd Mobile,Business Intelligence Architect,Electronics & Instrumentation Engineering,B.Tech,Rajasthan Technical University Kota,male,Haarlem,0
0,Ericsson India Global Services,0,"BBA, BBA",0,Annamalai University,0,0,0
9,Unilever ,Lead Manager - Supply Chain Finance Shared Services (Asia Africa Region),Commerce,B.Com,"University of Cape Coast, Ghana ",Male,Bangalore,Karnataka 
1,Microsoft India Pvt. Ltd.,"Associate Consultant, Data and Artificial intelligence",Computer Science / Engineering,B.E,K. J. Somaiya College of Engineering,Female,Thane,Maharashtra
0,Avaya,0,"Electronics and Telecommunication, B.Tech",0,Vishwakarma Institute of Technology,0,0,0
1,ITC Ltd,Associate IT Consultant ,Computer Science / Engineering,B.E,St Joseph Engineering College,Male,BENGALURU,Karnatak
5,Not Working,Senior Software Engineer,Aerospace Engineering,M.Tech,"International Institute of Information Technology, pune",male,Bangalore,0
0,3,0,"Information Technology, Btech",0,Guru Gobind Singh Indrapratha University,0,0,0
7,Tech Mahindra,Solution Lead,Finance,MBA,Osmania University,male,Bengaluru,Karnataka
0,0,0,0,0,0,male,Chennai,Tamil Nadu
2,A1,--,Electronics & Computer Engineering,B.Tech,SNIST,male,Hyderabad,Telangana
10+,Oracle,Senior Manager Software Development,Computer Application,MCA,Dr. A.P.J. Abdul Kalam Technical University,male,Mumbai,Maharashtra
10+,Samsung,staff Engineer,Computer Science / Engineering,M.Tech,International Institute of Information Technology Bangalore,male,Bangalore,Karnataka
0,NA,0,"CSE, B.Tech",0,SRM IST,0,0,0
0,Middle East College,0,"Computer Science, PhD",0,Coventry University,0,0,0
0,FIS,0,"IT, B Tech",0,Dr K N Modi,0,0,0
10+,Infosys Ltd.,Test Lead,Electronics Engineering,B.E,University of Mumbai,female,Edison,New Jersey
10+,Amadeus Labs Bangalore,Member Technical Staff,Computer Application,MCA,Biju Patnaik University of Technology,male,Bengaluru,Karnataka
0,LTI,0,"Computers, BCA",0,Symbiosis institute of computer studies and research,0,0,0
0,Siemens Technology & Services Pvt. Lmt.,0,"Mechanical, B.E",0,Shri Shankaracharya Institute of Professional Management & Technology,0,0,0
0,Vedavit Project Solutions,0,"Computer, MCA",0,IGNOU,0,0,0
7,JP Morgan,Associate,Electrical Engineering,B.Tech,Rajasthan Technical University Kota,female,Bengaluru,Karnataka
0,MICRO FOCUS,0,"ELECTRONICS AND COMMUNICATION ENGINEERIN, B.TECH",0,SREE VIDYANIKETHAN ENGINEERING COLLEGE,0,0,0
4,Petrolink Data Services,Junior Real Time Data Administrator,Petroleum Engineering,B.Tech,University of Petroleum and Energy Studies,male,Kochi,Kerala
8,Samsung,cheif engineer ,Electronics & Communication Engineering,B.E,Anna University,female,Bengaluru,Karnataka
0,Infosys BPM Ltd,0,"Operations Management, PGDM E-biz",0,Welingkar Institute of Management Bengaluru,0,0,0
0,SOCIETE GENERALE,0,"LEAN OPERATIONS & SYSTEMS, MBA",0,CHRIST UNIVERSITY,0,0,0
2,ZS Associates,Business Operations Associate Consultant,Mechanical Engineering,B.Tech,"national institute of technology, Trichy",male,Pune,Maharashtra
5,Samsung,Lead Engineer,Electronics & Communication Engineering,B.Tech,Chitkara University,male,Noida,Uttar Pradesh
0,Mavenir Systems,0,"Computer Science, BE",0,MSRIT Bangalore,0,0,0
4,Quest Global,Senior Software Engineer,Computer Science / Engineering,B.E,Sant Longowal Institute of Engineering and Technology,male,Thiruvananthapuram,Kerala
0,Ebix Software,0,"Computer Science, M.Sc.",0,National College,0,0,0
10+,National Bank of Kuwait,Manager,Commerce,B.Com,Bangalore University,male,Salmiya,Hawalli Governorate
5,Oracle,Inventory Control Analyst,Supply Chain Management,MBA,Future Innoversity,male,Bengaluru,Karnataka
0,Wipro Limited,0,"Civil, B.E",0,Chaitanya Bharathi Institute of Technology,0,0,0
0,5,0,"Electronics maths computer, BSC",0,St Claret College,0,0,0
10+,Noah Consulting,Sr Consultant,Mechanical Engineering,B.Tech,Sri Krishnadevaraya University,male,Hyderabad,Telangana
0,0,0,Computer Science / Engineering,B.E,Gujarat Technological University,Female,Vapi,Gujarat
9,Cadence Design Systems,Principle Application Engineer,Electronics & Communication Engineering,B.Tech,Amity University,male,Bangalore,0
1,Bank Dhofar,0,"Banking & Finance, PGDBF",0,"NIBM, Pune",0,0,0
3,IBM India Private Ltd,Application Developer-Mainframe,Electronics & Communication Engineering,M.E,Anna University,male,Tiruchirappalli,Tamil Nadu
8,Cognizant Technology Solutions India Pvt Ltd,Manager,Marketing,MBA,Narsee Monjee Institute of Management and Higher Studies,male,Bengaluru,Karnataka
2,Infosys Ltd.,Senior System Engineer,Information & Technology,B.E,shri Ramdeobaba college of engineering and management,female,Pune,Maharashtra
0,Tata Capital Financial Services Ltd,0,"Finance, MBA",0,S P Jain Institute of Management & Research,0,0,0
1,Ernst & Young,0,"Accounts, B.Comm",0,Karim city college,0,0,0
0,0,0,Electrical Engineering,B.Tech,Cochin University of Science and Technology,female,Hyderabad,Telangana
1,Capgemini Ltd,0,"ECE, B.Tech",0,St. Anns College of Engineering and Technology,0,0,0
0,10,0,"Operations, MBA",0,Janardan Rai Nagar Rajasthan Vidyapeeth,0,0,0
1,Capgemini,0,"Electrical and Electronics Engineering, B.tech",0,raghu engineering college,0,0,0
1,Accenture,0,"ECE, B.TECH",0,CMR Institute of Technology,0,0,0
1,Siemens Technology and Services Pvt. Ltd,0,"Electronics and Instrumentation, BE",0,"ITM Universe, Gwalior",0,0,0
1,Innovaccer Analytics Pvt. Ltd.,0,"Industrial Chemistry, Five year IMD",0,Indian Institute Of Technology (BHU) Varanasi,0,0,0
1,Tripdairy Pvt. Ltd.,0,"Computer Science & Engineering, BTECH",0,Christ University,0,0,0
1,Infosys Limited,0,"Computer Science & Engineering, B. Tech",0,Gokaraju Rangaraju Insititute of Engineering & Technology,0,0,0
4,IDrive Software Pvt Ltd,Programer Analyst,Computer Application,MCA,IET LUcknow,male,Bengaluru,Karnataka
0.5,Integrated Solutions,0,Instrumentation & Control,0,Gujrat Technology University,0,0,0
1,Genpact,Process Associate,Computer Applications,BCA,Periyar University,female,Hyderabad,Telangana
1,Softvision,0,"Information science, B.E",0,SJBIT,0,0,0
1,Ford motor Pvt ltd,0,"Chennai, Cwa",0,Icwa,0,0,0
1,Softvision India,0,"Electronics & Communication, BE",0,DR AIT,0,0,0
0,NA,0,"Computer Science, Bachelor of Engineer",0,K. J. Somaiya Institute Of Engineering & Information Technology.,0,0,0
0,0,0,Information & Technology,B.Tech,Rajasthan Technical University Kota,female,Bikaner,Rajasthan
10+,Cognizant Technology Solutions India Pvt Ltd,Senior Associate - Projects,Computer Science / Engineering,B.E,University of Madras,male,Cypress,California
6,larsen & Toubro Infotech LTD.,senior technichal consultant,Computer Science / Engineering,B.Tech,CVSR College of Engineering,male,Tampa,Florida
10+,Nokia,Sr. Solution Archtiect,Information Science,BSc,Kurukshetra University,male,Delhi NCR,0
10+,Lingaya&#x27s University,Associate Professor,Computer Science / Engineering,PhD,Jaipur National University,male,Bulandshahr,Uttar Pradesh
2,ZS Associates,Business Operations Associate,Computer Science / Engineering,B.Tech,VIT University,male,Pune,Maharashtra
1,PNC Bank,0,"Electrical, B TECH",0,GBPUAT Pantnagar,0,0,0
1,"Axtria, Inc.",0,"Applied Operational Research, M.Sc.",0,"University of Delhi, South Campus",0,0,0
9,Schlumberger,Mechanical Engineer,Mechanical Engineering,B.E,Shivaji University,male,Pune,Maharashtra
0,0,0,Electronics & Communication Engineering,B.Tech,"National Institute of Technology, Warangal",male,Visakhapatnam,Andhra Pradesh
5,Tata Consulting Engineers,Sr. Engineer,Mechanical Engineering,B.E,Dr. Babasaheb Ambedkar Marathwada University,male,Mumbai,Maharashtra
2,Infosys Ltd,0,"Electronics and Communication, B.Tech",0,R.V.R. & J.C. College of Engineering,0,0,0
1,Ascena GIC,0,"IT, Bachelor of ENGG",0,B V Bhoomraddi College of Engg and Tech,0,0,0
3,Wipro Technologies,PMO,Information & Technology,B.Tech,Noida International University,male,Bengaluru,Karnataka
2,Tata Consultancy Services(5 Years of Experience),0,"Computer Engineering, B.E.",0,Birla Vishvakarma Mahavidyalaya,0,0,0
1,Siemens ,Graduate Engineer Trainee- Software Developer,Electronics & Communication Engineering,B.Tech,SRM University,male,Bengaluru,Karnataka
1,Accenture,Application Development Associate,Information Science,B.E,JSS Academy of Technical Education,Male,Pune,Maharashtra
0,0,0,Computer Science / Engineering,B.E,CMR institute of technology,male,Guntur,Andhra Pradesh
2,Tata Consultancy Services,Process Associate,Bioinformatics,Bachelor of Pharmacy,ASN,male,Hyderabad,Telangana
2,Chetu india pvt. td.,0,"IT, b-tech",0,GLBajaj institute of technology & management,0,0,0
2,Legato Health Technologies(an Anthem Company),0,"CSE, B.Tech",0,Andhra University,0,0,0
10+,Hewlett Packard,Specialist,Computer Applications,MCA,Bharathiar University,Female,Bengaluru,Karnataka
3,Cognizant Technology Solutions India Pvt Ltd,Test Analyst,Computer Application,B.Tech,Osmania University,female,Hyderabad,Telangana
4,Paytm,Senior Associate  ,Electronics & Communication Engineering,B.Tech,Uttar Pradesh Technical Universi,male,Delhi,Delhi
2,THOMSON REUTERS,0,"GENERAL, MBA",0,UNIVERSITY OF SUNDERLAND,0,0,0
10+,Tata Consultancy Services,Agile Project Manager,Information & Technology,B.E,Devi Ahilya Vishwavidyalaya,male,Liverpool,England
5,Woolworths Limited Australia,Data  Analyst,Information & Technology,M.Tech,International Institute of Information Technology Bangalore,male,Sydney,New South Wales
5,Tata Communications,0,Bachelors of Engineering - Instrumentation Engineer,0,Mumbai University,0,0,0
10+,GroupM,Senior Business Director - Digital,"Advertising, Communication & Management",MBA,EMPI Business School,male,Mumbai,Maharashtra
10+,Tata Consultancy Services,Delivery manager,Electronics & Communication Engineering,B.E,Barkatullah University,male,Gurugram,Haryana
1,Goldman Sachs,Financial analyst,Accounting & Tax,M.Com,Bangalore University,male,Bengaluru,Karnataka
0,0,0,0,0,0,male,Hyderabad,0
7,Tata Consultancy Services,IT Analyst,Computer Science / Engineering,B.Tech,Biju Patnaik University of Technology,Male,Toronto,Ontario
0,0,0,communication studies,MSc,Savitribai Phule Pune University,male,Pune,0
0,0,0,Electronics & Communication Engineering,B.Tech,SRM University,female,Hyderabad,Telangana
10+,TESCO,Techinical Manager,Computer Applications,MSc,Osmania University,male,Bengaluru,Karnataka
2,Cognizant Technology Solutions India Pvt Ltd,Process Executive,Electronics Engineering,B.E,Rashtrasant Tukadoji Maharaj Nagpur University,female,Hyderabad,Telangana
10+,Lovely Professional University,Professor,Masters in Sustainable Architecture,M.Arch,"Bhari Vidyapeeth Deemed Univerity College of Architecture, Pune",male,0,0
10,Ample Technologies,e-Commerce Manager,Marketing,MBA,IBS Hyderabad,male,Bangalore,0
4,Northern Trust,Senior Analyst,Finance,MBA,Alliance University,male,Pune,0
3,AFCONS INFRASTRUCTURE LTD.,OFFICER HR,Human Resource,MBA,KIIT University,male,BENGALURU,0
3,HEALTHREACTIVE,0,"COMPUTER SCIENCE, B.TECH",0,JAGANNATH INSTITUTE OF TECHNOLOGY,0,0,0
2,Tata Consultancy Services,System Engineer,Mechanical Engineering,B.Tech,Biju Patnaik University of Technology,male,Bengaluru,Karnataka
1,"Johns Hopkins University, USA",Post-Doctoral Fellow,Chemistry,PhD,"University of Siegen, Germany",male,Kolkata,West Bengal
10+,Allstate,Service Delivery and Program Management,Industrial Production / Engineering,B.E,BMS,Female,Bengaluru,Karnataka
1,Ivy works,Validation associate,Biomedical,B.Tech,Sathyabama University,female,BENGALURU,0
4,Reliance life insurance co.ltd,Executive sales manager,Information & Technology,BSc,Visva-Bharati University,female,Bangalore,0
7,Computer Science Corporation,Professional Storage Administrator,Electronics & Telecommunication Engineering,B.Tech,Biju Patnaik University of Technology,male,Hyderabad,Telangana
0,0,0,Computer Science / Engineering,B.E,Jabalpur Engineering College,male,0,0
3,Accenture,Application Development Analyst ,Electronics & Communication Engineering,B.E,National Institute of Engineering,Male,Bengaluru,Karnataka
7,ciena,Module Lead ,Optoelectronics and Optical Communication,M.Tech,Indian Institute of Technology Delhi,female,New Delhi,Delhi
2,Clarivate Analytics,0,"Finance, BBA",0,Guru Gobind Singh Indraprastha University,0,0,0
10+,clarivate analytics,asst manager,Electrical Engineering,B.Tech,banglore university,male,New Delhi,Delhi
2,Nokia,null,"Electronics and Telecommunication, B.Tech",null,MDU,null,null,null
2,Tata Consultancy Services Ltd.,0,"Mechanical Engineering, B.E",0,Shri Vaishnav Institute of technology and Science Indore,0,0,0
1,Temenos India Pvt Ltd,Test Engineer,Electronics & Electrical Engineering,B.E,PSG College of Technology,female,Bengaluru,Karnataka
7,cyient Ltd,Team lead,Mechanical Engineering,B.Tech,vardhaman college of engineering,male,Hyderabad,Telangana
7,Burns and McDonnell Engineering India PVT LTD.,Department Lead,Computer Science / Engineering,B.Tech,Integral University,Male,Mumbai,Maharashtra
6,Micropro Software Solutions Pvt Ltd,Senior Developer,Instrumentation Control / Engineering,B.E,Dr. D.Y. Patil Vidyapeeth,male,Nagpur,Maharashtra
10+,Shell India ,Senior Service Manager Data Integration,Management ,MSc,Birla Institute of Technology,Male,Bengaluru,Karnataka
10+,Syntel Inc.,Project Lead,Computer Application,MCA,Amrita Vishwa Vidyapeetham,female,Mumbai,Maharashtra
8,CGI Group,Software engineer ,Computer  science ,B.E,Vtu,Female,Bengaluru,Karnataka
2,Tata Consultancy Services,null,"Electronics and Telecommunication, B.E",null,Shri Shankaracharya Institute of Professional Management and Technology,null,null,null
0,0,0,0,0,0,Female,Bengaluru,Karnataka
10+,HOSINDIA DISTRIBUTIONS PVT LTD,Finance Director,Accounting & Auditing,B.Com,Mahatma Gandhi University,male,Mumbai,Maharashtra
10,JP Morgan,Associate,Accounting & Auditing,B.Com,Bangalore University,female,Bengaluru,Karnataka
1,Tech Mahindra,Quality Associate,Production Engineering,B.Tech,Bharati Vidyapeeth University,male,New Delhi,Delhi
7,Amazon,Quality Assurance Engineer 2,Information & Technology,M.Tech,International Institute of Information Technology Bangalore,male,Bengaluru,Karnataka
10+,Indian Railway,Chief Electrical Engineer,Management ,PGPPM,Indian Institute of Management Bangalore,male,Bengaluru,Karnataka
4,Fintellix- A verisk Business,null,"Computer Science, Btech",null,Jaypee University of Information Technology,null,null,null
0,6,null,"COMPUTER, BE",null,Goa College of Engineering,null,null,null
2,Tata Consultancy Services,System Engineer,Computer Science / Engineering,B.Tech,St.Martins Engineering College,female,Hyderabad,Telangana
0,0,0,Economics,bachelors in Arts ,Savitribai Phule Pune University,female,Pune,Maharashtra
0,Capgemini,null,"IT, B Tech",null,Hindustan University,null,null,null
10+,Computer Science Corporation,Senior Professional Storage,Electronics & Communication Engineering,B.E,Visvesvaraya Technological University,male,Hyderabad,Telangana
0,0,null,"CSE, M.Tech",null,University College of Engineering,null,null,null
10,Colt technology ,Senior Technical Lead ,Software Development / Engineering,MCA,Uptu lucknow,Male,Gurugram,Haryana
10+,Accenture,Data Engineering Specialist,Computer Science / Engineering,B.Tech,Jawaharlal Nehru Technological University,male,Hyderabad,Telangana
10+,Genpact,Consultant,Electrical Engineering,B.Tech,Kamala Institute of Technology & Science,male,Hyderabad,Telangana
0,0,0,DOEY,0,GITAM University,0,0,0
10+,Aeris Communication,SENIOR LEAD QUALDEV,Electronics & Electrical Engineering,B.Tech,Guru Gobind Singh Indraprastha University,Male,Delhi,Delhi
10+,Citibank N.A.,Vice President,Business Management,MBA,Indian Institute of Technology Kharagpur,male,Kuala Lumpur,Federal Territory of Kuala Lumpur
1,Prism Johnson Ltd RMC India Division,Senior Executive,Operations,MBA,University of Mumbai,male,Mumbai,Maharashtra
0,J.P. Morgan,0,N/A,0,Madan Mohan Malaviya University of Technology,0,0,0
3,Lister Technologies,Software Engineer,Electrical Engineering,B.Tech,SASTRA University,female,Chennai,Tamil Nadu
0,ACCENTURE,null,"AUTOMOBILE ENGINEERING, B.E",null,BVBCET,null,null,null
10+,Oracle,member of technical staff,Computer Science / Engineering,B.E,Gujarat University,male,Bengaluru,Karnataka
4,Cognizant Technology Solutions India Pvt Ltd,Associate projects,Computer Science / Engineering,B.Tech,College of Engineering and Technology,Male,Chennai,Tamil Nadu
2,Capgemini India Pvt Limited,Associate Consultant,Management ,MBA,Symbiosis International University,male,Delhi,Delhi
3,RGUKT Nuzvid,Assistant Professor,Chemical Engineering,M.Tech,Indian Institute of Technology Kanpur,female,Bengaluru,Karnataka
0,0,0,0,0,0,Male,Kochi,Kerala
10+,Ramco systems,Logistics consultant ,Masters of Business Administration ,MBA,RVS college of Management studies,Male,"Melbourne VIC, Australia",Victoria
4,Barclays,process advisor,Mechanical Engineering,B.Tech,Guru Gobind Singh Indraprastha University,male,New Delhi,Delhi
0,Nokia,0,"Electronics and Communication, BTech",0,BIt Meerut,0,0,0
5,Tata Consultancy Services,System Engineer,Bio  Medical,B.Tech,Gayatri Vidya Parishad,female,Visakhapatnam,Andhra Pradesh
10+,Philips,Senior Manager,Mechanical Engineering,B.E,Institute of Technology and Management ,Male,Pune,Maharashtra
10+,Jubilant Lifesciences Ltd,Manager SCM,Mechanical Engineering,B.E,MDU ROHTAK,Male,Gurugram,Haryana
5,Goldman Sachs,Senior Associate,Finance,BBA,Christ University,male,Bengaluru,Karnataka
3,Genpact,Business Analyst,Mechanical Engineering,B.Tech,West Bengal University of Technology,Male,Howrah,West Bengal
0,4,null,"ETC, BE",null,GEC,null,null,null
10+,Capgemini India Pvt Limited,Manager,Computer Science / Engineering,B.E,Bapuji institute of engineering and technology,female,Bengaluru,Karnataka
3,Jenract Technologies,Database Engineer,Electronics Engineering,Master,wright state university,male,Hyderabad,Telangana
9,Capgemini India Pvt Limited,Team Lead,Electronics & Communication Engineering,B.Tech,Kurukshetra University,male,Bengaluru,Karnataka
10+,Wipro ,Etl developer ,Computer Applications,MCA,Kakatiya University,Male,Hyderabad,Telangana
7,Tata Consultancy Services,I.T.Analyst,Electrical Engineering,B.Tech,Veer Surendra Sai University of Technology,male,Bengaluru,Karnataka
5,HSBC,Assistant Manager,Computer Science / Engineering,B.Tech,"Jawaharlal Nehru Technological University, Kakinada",male,Visakhapatnam,Andhra Pradesh
3,LTI,System Engineer,Instrumentation & Control,B.Tech,Institute of Technical Education & Research,Male,Navi Mumbai,Maharashtra
5,Konecranes India Pvt Ltd,Configuration specialist,Electronics & Electrical Engineering,B.E,Anna University,male,Chennai,0
6,Accenture,Demand Planning Manager ,Electronics & Electrical Engineering,B.E,CMR University,male,Bengaluru,Karnataka
10+,Qatar Airways,Systems Engineering,Computer Science / Engineering,B.Tech,TKM College Of Engineering Kollam Kerala,male,Doha,Doha
0,0,0,Bioinformatics,MSc,Jamia Millia Islamia,female,New Delhi,Delhi
0,Cognizant,0,"Electronics and Communication, B.Tech",0,Gandhi Institute of Technological Advancement,0,0,0
2,HPE,null,"computer science, BE",null,btl institute of technology,null,null,null
10+,Hindustan Aeronautics Limited ,Senior manager design,Electronics & Communication Engineering,B.Tech,JNTU HYDERABAD ,Male,Hyderabad,Telangana
4,Applied Materials India Pvt Ltd,Non tech project management analyst,Mechanical Engineering,B.E,Visvesvaraya Technological University,Male,Bengaluru,Karnataka
2,Indecomm Global Services,null,"ECE, BE",null,Malnad College Of Engineering,null,null,null
0,0,0,0,0,0,male,Bhubaneswar,Odisha
2,Accenture,Associate Software Engineer,Electronics & Communication Engineering,B.E,Anna University,male,Bengaluru,Karnataka
1,Honeywell Technology Solutions Lab,null,"Information technology & Management, Ms",null,Madurai Kamaraj University,null,null,null
10+,Societe generale,AVP,General,BSc,SFS COLLEGE ,Male,Bengaluru,Karnataka
5,Wipro Technologies,Senior software developer,Applied electronics and Instrumentation,B.Tech,Asansol Engineering College,Male,Bengaluru,Karnataka
2,"GAT, BANGALORE",null,"COMPUTER SCIENCE, ME",null,"BIT, MESRA",null,null,null
2,JP Morgan,null,"Computer Science, B.E",null,V.M.K.V Engineering College,null,null,null
3,ICARE ,Head - Analytics ,Computer Science / Engineering,B.Tech,SRM University,Male,Bengaluru,Karnataka
8,BHARAT SANCHAR NIGAM LIMITED,JUNIOR TELECOM OFFICER,Electronics & Communication Engineering,B.Tech,"Jawaharlal Nehru Technological University, Kakinada",male,Chennai,Tamil Nadu
2,Veritas Technologies LLC,null,"Electronics & Communication, BE",null,Sabar Institute of Tecnology For Girls,null,null,null
2,Verint Systems BW,null,"Electronics and communication, Ece",null,Lingayas Institute of management and technology,null,null,null
0,0,0,0,0,0,male,Bengaluru,Karnataka
0,0,0,Chemical Engineering,B.Tech,Indian Institute of Technology Kanpur,male,Kanpur,Uttar Pradesh
10+,Oracle,Principle Product Manager,Electronics & Communication Engineering,B.E,BMS College of Engineering,male,Hyderabad,Telangana
6,Tata Consultancy Services,IT Analyst,Computer Science / Engineering,B.Tech,Maulana Abul Kalam Azad University of Technology,male,Bengaluru,Karnataka
10+,Colruyt India,Domain Expert,Computer Science / Engineering,B.Tech,Krishna Institute of Engineering & Technology,Female,Hyderabad,Telangana
5,Siemens Technology and Services Pvt Ltd,null,"Mechanical, BTech",null,"Government Engineering College, Bartonhill, Thiruvananthapuram",null,null,null
1,Accenture,null,"ECE, BE",null,RV COLLEGE OF ENGINEERING,null,null,null
7,Citi Bank,Assistant Manager,Mechanical Engineering,B.E,Bharati Vidyapeeth University,male,Hyderabad,Andhra Pradesh
1,Wells Fargo India Solutions Pvt Ltd,Analyst ,Information Science,B.E,Ramaiah Institute of Techology,Male,Bengaluru,Karnataka
4,Fidelity International,null,B-Tech,null,Jaypee Institute of Information Technology,null,null,null
0,0,0,0,0,0,male,New Delhi,Delhi
1.5,Lovely Professional University,null,M.Tech,null,"National Institute of Technology, Hamirpur",null,null,null
0,Infosys Ltd,0,"ECE, BTECH",0,nehru college of engineering and research centre,0,0,0
4,American Express,Programmer Analyst,Computer Science / Engineering,B.Tech,Guru Gobind Singh Indraprastha University,female,Gurugram,Haryana
5,Accenture,Management Consultant,Marketing,MBA,Amity University,male,0,0
10+,Barclays,AVP DB developer,Computer Applications,MCA,Indira gandhi national open university,Male,Pune,Maharashtra
10+,Allscripts India Pvt Ltd,Manager Development,Management ,EPGDBM,Symbiosis International University,male,Pune,Maharashtra
1,3 years experience,null,"CSE, B.Tech",null,Kaushik College of Engineering,null,null,null
0,0,0,Information & Technology,B.Tech,Hmr Institute Of Management and Technology,Male,New Delhi,Delhi
5,Prolifics,Senior software engineer,Electronics & Communication Engineering,B.E,Visvesvaraya Technological University,Male,Hyderabad,Telangana
3,Wipro Technologies,Student Application,Computer Applications,BCA,Guru Gobind Singh Indraprastha University,female,Delhi,Delhi
10+,iNube Software Solutions,Vice President - Delivery,Electronics Engineering,B.E,Visvesvaraya Technological University,male,Bengaluru,Karnataka
10+,Cognizant Technology Solutions India Pvt Ltd,Senior Associate,Computer Science / Engineering,B.E,Visvesvaraya Technological University,male,Bengaluru,Karnataka
0,0,0,Industrial Production / Engineering,B.Tech,Jai Narain Vyas University,Female,Bengaluru,Karnataka
3,Tata Consultancy Services,System Engineer ,Mechanical Engineering,B.E,Shri Shankaracharya Institute of Professional Management and Technology,Male,Thane,Maharashtra
8,Siemens ,Project Manager,Electrical Engineering,B.E,"National Institute of Technology, Durgapur",Male,Bengaluru,Karnataka
10+,Tech Mahindra,ETL developer,Electronics & Communication Engineering,B.Tech,Utkal University,Male,New Brunswick,New Jersey
2,IBM India,null,"Financial Management, C-PGDBA",null,Symbiosis centre for disctance learning,null,null,null
10+,DEstinations of The World,Senior Business Analyst,Electronics & Communication Engineering,B.E,Anna University,Male,Dubai,Dubai
6,Ernst & Young,Executive,Mechanical Engineering,B.E,"Indian Institute of Engineering Science and Technology, Shibpur",male,Mumbai,Maharashtra
10+,1 Cloud Hub Pte. Ltd,CEO,Management ,MBA,IGNOU,male,Singapore,Singapore
2,Infosys Ltd.,Senior Systems Engineer,Computer Science / Engineering,B.E,Chitkara University,male,Panchkula,Haryana
1,Not applicable ,Not applicable,Mechanical Engineering,M.Tech,UVCE Banglore,Male,Bengaluru,Karnataka
10,Accenture,Software  Senior Analyst,Electronics & Telecommunication Engineering,B.E,Rashtrasant Tukadoji Maharaj Nagpur University,male,Pune,Maharashtra
10+,Sapient,Manager QA,Business Information Sysytems,BSc,Birla Institute of Technology and Science,male,Bengaluru,Karnataka
4,Snapwork Technologies Pvt. Ltd.,Software Developer,Computer Science / Engineering,MCA,University of Mumbai,male,Mumbai,Maharashtra
3,Axtria,Analyst,Electronics & Communication Engineering,B.Tech,Jaypee Institute of Information Technology,Male,Noida,Uttar Pradesh
6,Prakat Solution Pvt Ltd,Software engineer -E2,Master of Computer Application,MCA,Presidency University,female,Bengaluru,Karnataka
10+,Epsilon Data Management LLP,Database Lead,Computer Science / Engineering,B.E,Government Engineering College Bilaspur,male,Bengaluru,Karnataka
1,SAVITRI TELECOM SERVICES,null,"electronics& communication engineering, BE",null,compucom instituteof information technology and management,null,null,null
2,Nihilent Technologies Ltd.,null,"Computer Engineering, B.E.",null,"Shivajirao S Jondhale COE, Dombivli",null,null,null
10+,LSBCA,Tech Consultant & Director Of Business Development,Information & Technology,BSc,Kurukshetra University,male,Chandigarh,Chandigarh
0,0,0,0,0,0,male,Hyderabad,Telangana
10+,Zeus learning ,Database techlead,Computer Applications,MCA,Mumbai University ,Female,Badlapur,Maharashtra
10+,Zensar,Technical Architect,Electronics & Communication Engineering,B.E,Datta Meghe College of Engineering,Male,Pune,Maharashtra
9,Power Grid Corporation Of India,Manager,Civil Engineering,B.Tech,"Malaviya National Institute of Technology, Jaipur",male,Shillong,Meghalaya
10+,Wipro Technologies,Delivery Assurance Manager,Management ,MBA,Indian Institute of Management Indore,Male,Pune,Maharashtra
10+,Honeywell  Technology Solutions Lab,Technical Lead,Computer Science / Engineering,B.E,University of Madras,male,Madurai,Tamil Nadu
5,SAP Ariba,Developer,Computer Science / Engineering,B.Tech,Govt College of Engineering and Ceramic Technology,male,Bengaluru,Karnataka
10,JP Morgan,Software Engineer,Chemical Engineering,B.E,Birla Institute of Technology and Science,male,Bengaluru,Karnataka
0,HCL,0,"IT, BTech",0,Sharda University,0,0,0
0,SCB,null,"EEE, BTech",null,College Of Engineering Trivandrum,null,null,null
1,Protiviti,Analyst,Bachelor of commerce,B.Com,University of Madras,Male,Chennai,Tamil Nadu
0,0,0,Electronics & Instrumentation Engineering,B.E,Anna University,female,Bengaluru,Karnataka
10+,ESSAR Steel ltd,Sr Manager,Mechanical Engineering,B.E,bhilai institute of technology,male,Bengaluru,Karnataka
10+,HCL,Senior Manager,Computer Application,MCA,Bharathiar University,female,Bengaluru,Karnataka
10,Hyundai motor india ltd,Deputy manager,Mechanical Engineering,B.Tech,Jawaharlal Nehru Technological University,male,Chennai,Tamil Nadu
1,Cognizant Technology Solutions India Pvt Ltd,Programmar Analyst Trainee,Computer Science / Engineering,B.Tech,SRM University,male,Chennai,Tamil Nadu
4,Tech Mahindra,Technical Writer,Computer Science / Engineering,B.Tech,Jawaharlal Nehru Technological University,female,Bengaluru,Karnataka
0,0,0,Computer Science / Engineering,B.E,Gyan ganga college of technology ,Female,Bengaluru,Karnataka
2,Upgrad,null,"International Business, MBA",null,Indian Institute of Foreign Trade,null,null,null
10,Deloitte Consulting India Pvt Ltd,Senior Consultant,Electronics & Communication Engineering,B.Tech,"ICFAI University, Dehradun",male,New Delhi,Delhi
1,Shiras HR and Advisory Services,HR Executive,Computer Application,BCA,National Degree College,male,Bengaluru,Karnataka
6,Marlabs Software,SSE,Computer Science / Engineering,B.E,Visvesvaraya Technological University,Male,Bengaluru,Karnataka
6,"Dr. D.Y. Patil University, Ramrao Adik Institute of Technology, Navi Mumbai",Assistant Professor ,Computer Science / Engineering,M.Tech,"International institute of information technology, bhubaneswar",female,Sharjah,Sharjah
9,Wipro Technologies,Senior Software Engineer,Information & Technology,M.Tech,Jadavpur University,male,Hyderabad,Telangana
0,0,0,Computer Science / Engineering,B.E,University of Mumbai,Male,Navi Mumbai,Maharashtra
0,0,0,0,0,0,male,Gurugram,Haryana
4,Daimler India commercial vehicles,Manager,Mechanical Engineering,B.Tech,VIT University,Male,Chennai,Tamil Nadu
10+,JP Morgan,VP,Civil Engineering,B.Tech,IIT bhu,Male,Mumbai,Maharashtra
6,Nil,Nil,Electrical Engineering,M.E,"Government rajiv gandhi institute of technology, kottayam",Female,Navi Mumbai,Maharashtra
2,ST Ericsson,null,"computer science, b tech",null,TITS bhiwani,null,null,null
1,TEAM COMPUTERS PVT LTD,null,"COMPUTER SCIENCE, B-TECH",null,RCCIIT,null,null,null
10+,Capgemini India Pvt Limited,Senior Consultant,Information & Technology,B.Tech,University of Madras,male,Chennai,Tamil Nadu
0,DXC,0,"cse, btech",0,BVC college of engineering,0,0,0
2,Rivigo,Team Lead,Mechanical Engineering,B.Tech,Rajasthan Technical University Kota,male,Gurugram,Haryana
1,Accenture,null,"Electrical, Bachelor",null,RNS Institute Of technology,null,null,null
1,Ecolibrium Energy,Product Intern,Aerospace Engineering,B.Tech,SRM University,male,Ahmedabad,Gujarat
0,NA,null,"Computer Science and Engineering, B.E.",null,Dehradun Institute of Technology,null,null,null
6,Candela Labs (AWPL Reborn),QA Test Lead,Electronics & Electrical Engineering,B.E,Amrita Vishwa Vidyapeetham,male,Bengaluru,Karnataka
0,K4 Infotech Pvt Ltd,null,"Computer Science & Engg, B-tech",null,GRD IMT,null,null,null
5,Dlf,Deputy Manager,Finance,B.Com,S.s.jain subodh college,Male,Gurgaon,Haryana
3,Tata Consultancy Services,SYSTEMS ENGINEER,Electronics & Electrical Engineering,B.Tech,"Jawaharlal Nehru Technological University, Kakinada",male,"Hyderabad, Telangana, India",0
2,HSBC Software development,null,"Electronics and Communications, B.Tech",null,VNR Vignana Jyothi Engineering College,null,null,null
10+,Cognizant Technology Solutions India Pvt Ltd,Senior Associate,Electronics & Communication Engineering,B.Tech,Sri Venkateswara University,male,Bengaluru,Karnataka
10+,Capgemini India Pvt Limited,Lead Data Engineer,Instrumentation Control / Engineering,B.E,government college of Engineering  chandrapur,male,Navi Mumbai,Maharashtra
7,Finastra,Senior technical client support advisor,Computer Applications,MCA,Visvesvaraya Technological University,male,Bengaluru,Karnataka
2,EPAM,null,"Electronics and commuication, b.tech",null,vignan instute of information technology,null,null,null
1,Capgemini,null,"Metallurgical and Materials Engineering, Btech",null,IIT Roorkee,null,null,null
0,0,0,0,0,0,male,New Delhi,Delhi
7,Pythian India Pvt Ltd,Senior Oracle Database Consultant,Information & Technology,B.E,Osmania University,male,Hyderabad,Telangana
10+,Sony India,Senior Technical Specialist,Electronics & Communication Engineering,B.E,B D T college of engineering,Male,Bangalore,Karnataka
8,Saama Technologies,senior consultant,Computer Science / Engineering,B.E,technocrats institute of technology bhopal,male,Pune,Maharashtra
0,Amtex Systems,null,Osmania University,null,Osmania University,null,null,null
2,bigbasket,Senior Consultant,Mechanical Engineering,B.Tech,Indian Institute of Technology Guwahati,male,Bengaluru,Karnataka
2,Capgemini India Pvt Limited,Associate Consultant,Electronics Engineering,B.E,"Bansal Institute Of Science and Technology, Bhopal",male,Bengaluru,Karnataka
0,Fresher,0,"Cse, B.E",0,Ms engineering college,0,0,0
3,KPMG,Associate Consultant,Electronics & Communication Engineering,B.Tech,Punjab Technical University,male,Gurugram,Haryana
7,Lionbridge,null,Computer Science / Engineering,null,Punjabi University,null,null,null
10+,Water design,Operation manager,Arts,BA,Manav Bharti University,Male,Hyderabad,Telangana
2,Nonstop Corporation,Digital Marketing Executive,Computer Science / Engineering,M.E,Sinhgad College Of Engineering Pune,Female,Nagpur,Maharashtra
10+,Tata Consultancy Services,Associate Consultant,Specialization In Industrial Chemistry,MSc,Alagappa University,male,Hyderabad,Telangana
8,HP Inc,Specialist Software Developer,Computer Science / Engineering,B.E,Chhattisgarh Swami Vivekananda Technical University,female,Bengaluru,Karnataka
0,0,0,Computers and Communication Engineering,B.Tech,LNMIIT,Male,Faridkot,Punjab
10+,Genpact,AVP,Electrical Engineering,B.E,Shri Ramdeobaba College of Engineering and Management,male,Delhi,Delhi
2,Amazon,Risk Analyst,Mechanical Engineering,B.E,CMR Institute of Technology,Male,Bengaluru,Karnataka
5,Quotient Technology,Software Engineer 2,Electronics Engineering,B.Tech,"National Institute of Technology, Raipur",female,Bengaluru,Karnataka
10+,BA Continuum India Pvt. Ltd. ,AVP HR,Human Resource,MBA,IMT Ghaziabad,male,Hyderabad,Telangana
2,Amazon,Transcation risk investigator,Electronics & Communication Engineering,B.Tech,Anurag group of institutions (cvsr),Male,Hyderabad,Telangana
7,Sears Holdings,Analyst,Finance,MBA,Krishna Murthy Inst of Management,Male,Hyderabad,Telangana
0,Tata consultancy services,null,"Arts, B.A",null,Symboysis College of Arts,null,null,null
0,Deloitte,0,"ECE, B.Tech",0,mahaveer institute of technology,0,0,0
0,ALLYGROW TECHNOLOGIES,null,"MECHANICAL, BE",null,SKSVMACET,null,null,null
5,Global Analytics,Senior Data Analytics Engineer ,Information & Technology,B.Tech,SSN College of Engineering,female,Chennai,Tamil Nadu
8,KLoc Technologies,Software Developer,Environmental Biotechnology,MSc,Jawaharlal Nehru Technological University,female,Bengaluru,Karnataka
0,0,0,Computer Science / Engineering,B.Tech,The LNM Institute of Information Technology,female,Pune,Maharashtra
1,ICICI Bank Ltd,deputy manager,Finance,MBA,Banaras Hindu University,male,Ahmedabad,Gujarat
7,Amazon development center India Pvt ltd,CS IN TEAM MANAGER,Accounting & Auditing,B.Com,Kalinga University,male,Hyderabad,Telangana
2,TATA CONSULTANCY SERVICES,0,"Chemical Engineering, B.Tech",0,IIT Kharagpur,0,0,0
5.5,NO,0,"ECE, BE",0,St Peters Engg College,0,0,0
6,Dunzo digital private limited,Financial analyst,Information & Technology,B.E,Maharishi Dayanand University,female,Bangalore,Karnataka
0,Cognizant Technology Solutions,null,"Computers, MCA",null,IGNOU,null,null,null
2,Amazon,Sr. Risk investigator,Information Science,B.E,Visvesvaraya Technological University,male,Bengaluru,Karnataka
3,GI Information Systems ,Software Engineer ,Electronics & Telecommunication Engineering,B.E,Chhattisgarh Swami Vivekananda Technical University,Female,Mumbai,Maharashtra
10+,Microsoft India Pvt. Ltd.,Software Engineer,Instrumentation Control / Engineering,B.Tech,Jawaharlal Nehru Technological University,female,Hyderabad,Telangana
10+,bharti airtel limited,Assistant Manager,Commerce,B.Com,Magadh University,male,Bengaluru,Karnataka
10+,NTT DATA Services,"Director, Client Executive",Business Management,MBA,Duke University,male,Cary,North Carolina
3,Infosys Ltd.,Associate consultant,Telecommunication,B.E,Visvesvaraya Technological University,Male,Bengaluru,Karnataka
1,Nalli Silk Pvt.Ltd.,Intern,Biotechnology,B.Tech,Lovely Professional University,Male,Thane,Maharashtra
8,Quotient Technology ,Tech lead,MCA,MCA,Shri Ramdeobaba College of Engineering and Management,Male,Bengaluru,Karnataka
10+,BHIVE Workspace,Entrepreneur in Residence,Carbon Management,MSc,University of Edinburgh,male,Bengaluru,Karnataka
3,bigbasket.com,"Senior Consultant, Analytics",Electronics & Communication Engineering,B.E,M S Ramaiah Institute of Technology,Female,Bengaluru,Karnataka
0,UBER(2 years),0,"Information Technology, B.Tech",0,Gayatri Vidya Parishad college of engineering,0,0,0
1.4,Jio,0,B.Tech,0,SRM University,0,0,0
0,0,0,Construction Management,PGD- Advance Construction Management,"National Institute of Construction Management & Research, Pune",male,PATNA,BIHAR
10+,Virtus IT India Private Limited,Chief Technology Officer,Information & Communication Technology,M.Tech,Osmania University,male,0,0
0,0,0,Civil Engineering,B.Tech,SRM University,Male,Bengaluru,Karnataka
5,S-CARE LIFE PVT. LTD.,Operation Manager,Finance,MBA,Sikkim Manipal University,male,0,0
5,Accenture,Senior Software Engineer,Information & Technology,B.Tech,west bengal technical university,female,Mumbai,Maharashtra
0,1.5,0,"Hons, B.com",0,Indian institute of management and commerce,0,0,0
1,IBM India Private Ltd,Associate System Engineer,Computer Science / Engineering,B.Tech,Galgotias College of Engineering and Technology,male,Hyderabad,Telangana
10+,Genpact,Avp,Data engineering,B.Tech,Guru Gobind Singh Indraprastha University,Male,Delhi,Delhi
10+,Huawei Technologies India Private Limited,Solutions Architect,Computer Application,MCA,Sri Venkateswara University,male,Bengaluru,Karnataka
0,Accenture (2 yrs); Wallethub (18 months),0,"ECE, BE",0,Manipal Institute of Technology,0,0,0
10+,SAP Ariba,Senior Technical Writer,Industrial Production / Engineering,B.E,Osmania University,male,Hyderabad,Telangana
0,Condeco Software,0,"ECE, B.Tech",0,Manipal Institute of Technology,0,0,0
10+,Cognizant Technology Solutions India Pvt Ltd,Assistant Manager,Electronics & Communication Engineering,B.E,National Institute of Engineering,female,Sagar,Karnataka
7,Avaya India Pvt. Ltd.,Technical Consultant,Software Development / Engineering,M.Tech,Birla Institute of Technology and Science,male,Pune,Maharashtra
2,Sigma Soft LLC,BigData/ETL Developer,Electronics & Electrical Engineering,Master of Science,University Of Missouri,male,Dallas,Texas
10,Federal Bank,Credit Risk Analyst,Electronics & Communication Engineering,B.Tech,"Govt. Model Engineering College, Thrikkakara",Male,Kochi,Kerala
3,Oracle,Associate Consultant,Electronics & Communication Engineering,B.E,"K.S Institute of Technology, bangalore VTU",Male,Bengaluru,Karnataka
10+,Mantra Labs Global Pvt. Ltd.,Sr. Delivery Manager,MCA,MCA,Sikkim Manipal University,male,Faridabad,Haryana
3,Qualitykiosk technologies Pvt Ltd,Associate Test Lead,Computer Science / Engineering,BSc,University of Mumbai,Female,Badlapur,Maharashtra
0,Wells Fargo Center,null,"Computer Science and Engineering, BE",null,Dr Ambedkar Institute of technology,null,null,null
4,Trux.ai,Customer Success Manager,Management ,MBA,Padmashree Dr. D.Y. Patil Vidyapith,male,Dubai,Dubai
10+,Ernst & Young,Associate Director,Management ,MBA,xlri,male,Bengaluru,Karnataka
10+,Tata Consultancy Services,Assistant Consultant,Computer Science / Engineering,B.E,Visvesvaraya Technological University,Female,Bengaluru,Karnataka
10+,BMC Softwares,Manager Product Development,Software Development / Engineering,MS,BITS Pilani,male,Pune,Maharashtra
1,KNAB Finance Advisors Pvt. Ltd.,Data Analyst,Mechanical Engineering,B.E,MVJ College of Engineering,male,Bengaluru,Karnataka
2,Evosysglobal,Associate consultant,Electronics & Communication Engineering,B.E,Deogiri institute of technology and management studies,male,Pune,Maharashtra
9,persistent systems limited,Module Lead,Computer Science / Engineering,B.E,Rajiv Gandhi Proudyogiki Vishwavidyalaya,female,Pune,Maharashtra
3,Power Sector Skill Council,Assistant Manager ,Operation & Maintenance of Power Distribution Systems,Post Graduate Degree in Operation & Maintenance of Power Distribution Systems,Central Board of Irrigation & Power,male,New Delhi,Delhi
0,CTS,0,"ECE, B.Tech",0,Institute of Engineering And Management,0,0,0
2,Sapient,Associate QA ,Electronics & Telecommunication Engineering,B.E,"Army Institute of Technology, Pune",male,Gurugram,Haryana
5,BankBazaar,Content Writer,Electronics & Communication Engineering,B.Tech,West Bengal University of Technology,Female,Bengaluru,Karnataka
1,Amazon,Quality Specialist ,Electronics & Communication Engineering,B.Tech,Jawaharlal Nehru Technological University,male,Secunderabad,Telangana
5,Tibco Software India Pvt Ltd,Specialist ,Analytics & Finance,MBA,Pune Institute of Business management,male,Pune,Maharashtra
6,epam systems,senior software test engineer,Computer Science / Engineering,MSc,Sri Krishnadevaraya University,female,Hyderabad,Telangana
10+,DXC Technology,Transformation Architect,Electronics & Communication Engineering,M.Tech,B.M.S college of Engineering,Male,Bengaluru,Karnataka
0,Infosys,0,"ECE, Btech",0,"Instititue technical education and research, BBSR",0,0,0
0,VMWare,null,"ICE, BTECH",null,NITT,null,null,null
10+,Capgemini India Pvt Limited,Senior Manager,Software Development / Engineering,MS,Birla Institute of Technology,male,Hyderabad,Telangana
4,Cognizant Technology Solutions India Pvt Ltd,Associate,Electronics & Instrumentation Engineering,B.Tech,Maulana Abul Kalam Azad University of Technology,male,Kolkata,West Bengal
10+,Dell,Senior Software Engineer,Information & Technology,B.Tech,"Narayana Engg college, Jntu",Male,Bengaluru,Karnataka
8,L&T Infotech,Senior software engineer,Bioinformatics,B.Tech,VIT University,Female,Singapore,Singapore
1,Reliance Jio,Software Engineer,Information & Technology,B.E,Shah And Anchor Kuttchi Engineering Collge,male,Mumbai,Maharashtra
2,Juniper,software engineer ,Analytics & Finance,B.E,CMR University,male,Bengaluru,Karnataka
9,Trimble Information Technology,Sr. Quality Engineer,Software Development / Engineering,M.Tech,Birla Institute of Technology and Science,female,Pune,Maharashtra
4,Infosys Ltd.,Technology Analyst,Mechanical Engineering,B.Tech,Auroras Engineering college,Female,Hyderabad,Telangana
0,0,0,Computer Science / Engineering,BSc,Pragnya degree college,female,Hyderabad,Telangana
4,Accenture,Buiness and Integration Arch Analyst,Electronics & Instrumentation Engineering,B.Tech,Sathyabama University,Female,Bengaluru,Karnataka
0,0,0,Electronics & Communication Engineering,B.Tech,Lovely Professional University,male,Chandigarh,Chandigarh
2,Tech Mahindra,Database developer,Electronics & Communication Engineering,B.E,BMS institute of technology,Male,Pune,Maharashtra
4,merino industries ltd,senior engineer (process),Electronics & Instrumentation Engineering,B.E,siddhaganga institute of technology,male,Bengaluru,Karnataka
10+,Not working,House wife,Electronics Engineering,B.E,Mahatashtra College of Enginerring,Female,Pune,Maharashtra
2,Accenture,APPLICATION DEVELOPMENT ANALYST,Electronics & Communication Engineering,B.Tech,VIT University,male,Bengaluru,Karnataka
10+,Ericsson India Global Pvt Ltd,Service Delivery Project Manager,Telecommunication,B.Tech,"University College of Science and TEchnology, Kolkata",male,Bidhannagar,West Bengal
4,Accenture,Software Developer,Artificial Intelligence,B.E,University of Mumbai,male,Mumbai,Maharashtra
2,IL&FS Transportation Networks Ltd,Assistant Manager,Civil Engineering,B.Tech,Narsee Monjee Institute of Management and Higher Studies,Male,Navi Mumbai,Maharashtra
10+,OMANTEL,Sr Expert Data Analysis ,Artificial Intelligence,MSc,Acharya Nagarjuna University,male,Bengaluru,Karnataka
10+,IBM India Private Ltd,Service Delivery Manager,Marketing & Systems,Post Graduate Diploma in Business Administration,All India Council For Technical Education,male,Bengaluru,Karnataka
3,Infosys Ltd.,Technology Analyst,Electronics & Communication Engineering,B.E,Rashtrasant Tukadoji Maharaj Nagpur University,male,Pune,Maharashtra
3,Infosys Ltd.,Technology Analyst,Electronics & Communication Engineering,B.E,Rashtrasant Tukadoji Maharaj Nagpur University,male,Pune,Maharashtra
1,Mindtree Ltd,Junior Engineer ,Electronics & Communication Engineering,B.Tech,Vidya Jyothi Institute Of Technology ,Female,Bengaluru,Karnataka
10+,Edifecs Technologies Private Limited,AVP,Software Development / Engineering,M.Tech,Birla Institute of Technology and Science,male,Chandigarh,Chandigarh
9,TCS,Assistant Consultant ,Computer Application,MCA,Andhra University,male,Hyderabad,Telangana
2,Aptara,Research Analyst,Computer Science / Engineering,B.Tech,Maulana Abul Kalam Azad University of Technology,female,New Delhi,Delhi
0,Robert Bosch,0,"ECE, Btech",0,"BTKIT , dwarahat",0,0,0
7,Conduent,Engineer II,Information & Technology,B.Tech,Biju Patnaik University of Technology,male,Bengaluru,Karnataka
0,0,Network and Security engineer,0,0,VTU,0,Bangalore,0
2,Computer Solutions East,Sales Analyst ,Marketing and Finance,MBA,Indian Institute of Planning and Management,male,Bengaluru,Karnataka
0,HAL 10 years,0,"Operations and IT, Ex PGDM",0,IMI Delhi,0,0,0
0,NA,null,"Aerospace, B.Tech.",null,Amrita School of Engineering,null,null,null
6,McKinsey & Co,Advisory Team Lead,Computer Science / Engineering,B.Tech,G L Bajaj institute of technology and management,female,Gurugram,Haryana
0,NA,0,"Civil Engineering g, ACM",0,NICMAR,0,0,0
6,Get Infy Solutions,0,Computer Science / Engineering,0,"International Institute of Information Technology, Hyderabad",0,0,0
2,unesco mgiep,Research Intern,Electronics & Communication Engineering,B.Tech,Karunya University,male,Delhi,0
0,Adani Synenergy Ltd.,0,"Chemical Eng., B-Tech",0,IIT Madras,0,0,0
0,Tata consultancy services,0,"BE, Mechanical engineeri",0,Mepco schlenk engineering colleges,0,0,0
2,Tata Consultancy Services,Assistant system engineer,Computer Science / Engineering,B.E,Visvesvaraya Technological University,Female,Bengaluru,Karnataka
0,0,0,Information & Technology,BCA,Symbiosis International University,male,Pune,Maharashtra
10+,Infosys Ltd.,Senior Consultant,Electronics & Telecommunication Engineering,B.Tech,College of Engineering Roorkee,male,Pleasanton,California
3,Capgemini India Pvt Limited,Senior Consultant,Information Management,MBA,S. P. Jain Institute of Management & Research,male,Bengaluru,Karnataka
9,Access Health International Inc,Research Lead,Health care management,MSc,University of Surrey,Female,Hyderabad,Telangana
3,N.A,0,0.5,0,IIT(ISM) Dhanbad,0,0,0
0,0,0,0,0,0,male,Pune,Maharashtra
0,Hexagon Capability Center India,0,"Mechanical, B.Tech",0,"Jawaharlal Nehru Technological University, Kakinada",0,0,0
10,CRISIL Risk and Infrastructure Solutions Ltd,0,"Finance, MBA",0,"IBS, Hyderabad",0,0,0
1,Tata Consultancy Services,assistant systems engineer,Biotechnology,M.Tech,Gandhi Institute of Technology and Management,female,Gurugram,0
6,Shoppers stop Ltd,Department manager,Printing Engineering,B.E,Anna University,Male,Chennai,Tamil Nadu
1,Manthan,Assistant Product Marketing Manager,Marketing,MBA,IFHE Hyderabad,female,Bengaluru,Karnataka
1,Tata Consultancy Services,Assistant Software Engineer,Mechanical Engineering,B.Tech,Gitam University,male,Bengaluru,Karnataka
2,Accenture,ASE,Electronics & Electrical Engineering,B.E,Kumaraguru College of Technology,female,Coimbatore,Tamil Nadu
0,0,0,0,0,0,Male,Bengaluru,Karnataka
10+,Indian Air Force,LEADING AIRCRAFTSMAN,Electronics & Communication Engineering,DIPLOMA,IGNOU,Male,Agartala,Tripura
0,EBEX,0,"Mechanical, B.Engg",0,Kgce,0,0,0
5,JP Morgan,Tech analyst,Analytics & Finance,B.Tech,University of Mumbai,male,Mumbai,Maharashtra
0,Tata Consultancy Services,0,"IT, MS",0,Lancaster University,0,0,0
10,TVS MOTOR COMPANY,Zonal Planner Sales,Management ,MBA,Anna University,Male,Chennai,Tamil Nadu
1,Zensar Technologies,Junior software engineer,Computer Science / Engineering,B.E,Medicaps institute of science and technology,Female,Pune,Maharashtra
10+,Destinations of the world,Application Support and Business Specialist,Marketing,MBA,Symbiosis International University,male,Dubai,Dubai
10+,HCL,Solution Architect,Electronics & Communication Engineering,B.E,Vidyasagar University,male,Bengaluru,Karnataka
0,EY,0,"Computer science, b.tech",0,BPUT,0,0,0
0,Harman,0,"Computer, Mca",0,IGNOU,0,0,0
0,Asst Teacher Hindmotor High School,0,"MCA, MCA",0,St Mary's Technical Campus Kolkata,0,0,0
2,Aish infotech software limited,Software developer,Computer Science / Engineering,M.Tech,Rashtrasant Tukadoji Maharaj Nagpur University,Female,Nagpur,Maharashtra
10+,K S School of Engineering & Management,Assistant Professor,Computer Science / Engineering,M.Tech,Srijayachamarajendra college of Engineering,male,Bengaluru,Karnataka
0,0,0,0,0,0,Male,Silvassa,Dadra and Nagar Haveli
0,Wipro Technologies,0,"Computers, BCA",0,Netaji Subhash Engineering College,0,0,0
10+,Oracle,Director,Management ,MBA,Savitribai Phule Pune University,male,Bengaluru,Karnataka
0,0,Growth Hacker,0,0,Bharti Dasan,0,Mumbai,0
1,Accenture,Associate software engineer,Mechanical Engineering,B.Tech,KIIT University,male,Bengaluru,Karnataka
5,HCL,Senior software developer,Information & Technology,B.Tech,SASTRA University,Female,Mumbai,Maharashtra
3,Bank Of America,senior software engineer,Computer Science / Engineering,M.Tech,University of Hyderabad,male,Mumbai,Maharashtra
0,cognizant,0,"EEE, BE",0,thiagarajar college of Engineering,0,0,0
2,Tata Consultancy Services,System Engineer,Civil Engineering,B.Tech,VIT University,male,Bengaluru,Karnataka
0,Global Institute of Technology,0,"Information technology, B.Tech",0,Global Institute of Technology,0,0,0
6,Aon Hewitt,Senior Actuarial Specialist,Actuarial science,MSc,Bharathithasan University,Male,Bengaluru,Karnataka
1,Hewlett Packard,TSC level one ,Electronics & Communication Engineering,B.E,Nitte meenakshi institute of technology ,Male,Bengaluru,Karnataka
2,Think and Learn Private Limited (Byjus),Faculty,Additive Manufacturing,M.Tech,"National Institute of Technology, Warangal",male,Noida,Uttar Pradesh
11,NA,0,"MS, MS",0,UW,0,0,0
0,0,0,0,0,0,Male,Bengaluru,Karnataka
10+,Flextronics,Principal Consultant,Computer Science / Engineering,B.E,University of Madras,male,Chennai,Tamil Nadu
10+,Zea Maize Private Limited,Plant Head,Finance,MBA,KIIT University,male,New Delhi,Delhi
3,"Mu Sigma Business Solutions Pvt. Ltd., Bangalore",Decision Scientist,Electronics & Communication Engineering,B.Tech,"Amrita Vishwa Vidyapeetham, Bangalore",Male,Bengaluru,Karnataka
8,Tektronix India Pvt Ltd,Software Design Engineer III,Computer Science / Engineering,B.E,Rajiv Gandhi Proudyogiki Vishwavidyalaya,male,Bengaluru,Karnataka
4,Accenture,analyst,Electronics & Communication Engineering,B.Tech,Lovely Professional University,male,Gurugram,Haryana
1,IIT KHARAGPUR,Junior Project Assistant,Applied Mathematics,MSc,Central University of Jharkhand,Male,Asansol,West Bengal
10+,Accenture,team lead,Computer Science / Engineering,B.Tech,Jawaharlal Nehru Technological University,female,Bengaluru,Karnataka
10+,General motors,Technical Lead,Mechanical Engineering,B.E,Anna University,male,Bengaluru,Karnataka
2,PTC Software India,0,"Computer Application, MCA",0,"IICMR, Nigdi",0,0,0
3,Microsoft India Pvt. Ltd.,HR Services Associate,Operations,MBA,University of Kerala,male,Chennai,Tamil Nadu
2,Contracthub,Full Stack Developer,Chemistry,BSc,University of Delhi,male,Delhi,Delhi
0,Bastian Solutions India Pvt Ltd,0,"Electrical & Electronics Eng, B.E",0,Sathyabama University,0,0,0
10+,Synechron Technologies Pvt Ltd,Team Leader,Information & Technology,BCA,Guru Ghasidas Vishwavidyalaya,male,Pune,Maharashtra
0,Bastian Solutions India Pvt Ltd,0,"Electrical & Electronics Eng, B.E",0,Sathyabama University,0,0,0
0,Bastian Solutions India Pvt Ltd,0,"Electrical & Electronics Eng, B.E",0,Sathyabama University,0,0,0
0,Amazon Development Centre India Pvt. Ltd.,0,"Electronics & Communication Engineering, B.Tech",0,Padmasri Dr. B. V. Raju Institute of Technology,0,0,0
10+,Accenture,Delivery Manager,Computer Science / Engineering,B.E,Bangalore University,Female,Bengaluru,Karnataka
0,Thomson Reuters,0,"Electronics and Power, BTECH",0,RKNEC,0,0,0
0,Maersk Global Service Centre,0,"Applied Electronics & Instrumentation, B. Tech",0,Siliguri Institute of Technology,0,0,0
0,Gspann Technologies,0,"Computer Science & Engineering, B.Tech",0,KBR Engineering College,0,0,0
1,ps20.pritesh@gmail.com,0,electronics engg,0,priyadarshini college of engineering,0,0,0
1,Wipro,0,Software systems MS,0,BITS PILANI,0,0,0
10+,Opentext Technologies,Senior Principal Software Engineer,Computer Science / Engineering,BSc,Osmania University,male,Hyderabad,Telangana
10+,Amdocs,Technologies Manager,Electronics & Communication Engineering,B.E,Maharishi Dayanand University,male,Alpharetta,Georgia
3,91 Streets Media Technologies,0,"Information Technology, B.Tech",0,SRM University,0,0,0
4,Tata Consultancy Services,Systems Engineer,Electronics & Electrical Engineering,B.E,Bannari Amman Institute of Technology,male,Chennai,Tamil Nadu
0,0,0,0,0,0,0,0,0
5,Citrix R&D India Pvt Ltd,Programs Analyst,Electronics & Communication Engineering,B.Tech,Lovely Professional University,male,Bengaluru,Karnataka
0,0,0,0,0,0,male,Bangalore,0
0,Optum Technology Pvt Ltd,0,"CSE, BE",0,Institute of Technology and Management,0,0,0
0,Cognizant Technology Solutions Pvt. Ltd.,0,"Electronics and Instrumentation, B.Tech",0,Maulana Abul Kalam Azad University of Technology,0,0,0
10+,Visiontech Systems International LLC,Director- Partner,Commerce,B.Com,Veer Narmad South Gujarat University,male,Dubai,Dubai
7,Deloitte Consulting India Pvt Ltd,Consultant ,Computer Applications,MCA,Birla Institute of Technology,Male,Hyderabad,Telangana
0,Louis dreyfus,0,"Chennai, Mba",0,Bharthiar University,0,0,0
7,Verizon,Analyst-System Dev,Electronics & Electrical Engineering,B.Tech,"Jawaharlal Nehru Technological University, Kakinada",female,Hyderabad,Telangana
10+,Adobe,Engineering Manager,Software Development / Engineering,M.Tech,Birla Institute of Technology,male,Bengaluru,Karnataka
4,FP Tech Science Pvt Limited,Android Developer,Information Science,B.E,APS College of Engineering,female,Bengaluru,Karnataka
10+,Aricent,Senior Engineering Project Manager,Electronics & Communication Engineering,B.E,NIT Jamshedpur,male,Bengaluru,Karnataka
5,Synechron Technologies Pvt Ltd,Developer,Engineering,B.E,Ycce,Female,Pune,Maharashtra
3,Teknotrait Solution Pvt limited,Software engineer,Mechanical Engineering,B.Tech,Gautam Buddha University,male,Bengaluru,Karnataka
0,HDFC Bank,0,"Electrical and Electronics, Btech",0,Nimra College of Engineering and Technology,0,0,0
9,ABB,Senior Specialist Quality Assurance,Commerce,B.Com,Bangalore University,male,Bengaluru,Karnataka
0,0,SDE-2,0,0,IIT Roorkee,0,0,0
8,Tata Consultancy Services,Assistant Consultant,Information & Technology,B.Tech,Gautam Buddha University,female,Mumbai,Maharashtra
10+,IBM India Private Ltd,Offshore Delivery Manager (Technical),Computer Science / Engineering,B.Tech,Dr. A.P.J. Abdul Kalam Technical University,male,Delhi,Delhi
10+,Sap Labs India Pvt Ltd,Senior Quality Enginner,Electronics & Electrical Engineering,B.E,New Horizon College of Engineering,male,Bengaluru,Karnataka
10,OSG Analytics,Manager,Data Analytics,PGCRDA - 1 Year,Mudra Institute of Communications,male,Bengaluru,Karnataka
2,JP Morgan,Associate,Information & Technology,B.Tech,University of Mumbai,female,Mumbai,Maharashtra
0,9,0,"Computer Applications, MCA",0,GITAM University,0,0,0
7,Societe Generale,Senior Software Engineer,Information & Technology,B.E,niist bhopal,male,Bengaluru,Karnataka
0,0,0,0,0,0,female,Hyderabad,Andhra Pradesh
10+,Target,Lead Business Analyst,Economics,PhD,Indira Gandhi Institute of Development Research,female,Bengaluru,Karnataka
2,baryons software solutions,Market Research Analyst,Aerospace Engineering,B.E,Anna University,male,Bengaluru,Karnataka
0,0,0,0,0,0,male,Pune,Maharashtra
7,Air India Ltd,Senior developer,Computer Science / Engineering,B.Tech,C R Engineering college,Male,Bengaluru,Karnataka
7,Miles India IT Solutions,Software Engineer,Computer Science / Engineering,B.E,University of Mumbai,female,Pune,Maharashtra
5,Infosys Ltd.,Technology Anayst,Information & Technology,B.Tech,Jawaharlal Nehru Technological University,female,Bengaluru,Karnataka
6,Tech Mahindra,SENIOR SOFTWARE ENGINEER,Computer Science / Engineering,M.Tech,HALDIA INSTITUTE OF TECHNOLOGY,male,Bengaluru,Karnataka
0,Infosys Limited,0,"IT, BTECH",0,NIST,0,0,0
0,Hp Inc R&D,0,"Electronics and Telecommunication, B.Tech",0,Kiit University,0,0,0
2,Bluestar India ltd,Senior executive,Management ,MBA,KIIT University,Male,Bhubaneswar,Odisha
0,Barclays,0,"Computer Science, B. Tech",0,Vishwakarma Institute of Technology,0,0,0
1,Accenture,Associate Software Engineer,Electronics & Communication Engineering,B.E,Visvesvaraya Technological University,Female,Bengaluru,Karnataka
2,Power Sector Skill Council,Assistant Manager,Electrical Engineering,B.Tech,Biju Patnaik University of Technology,Male,Gurugram,Haryana
0,0,0,0,0,0,Female,Mysuru,Karnataka
2,Mercer India Consulting Private Limited,Actuarial Analyst,BSC (Hons) Statistics,BSc,"Pgdav college, Delhi University",Male,Delhi,Delhi
10+,JP Morgan,Associate,Commerce,B.Com,"CSI collecge of Commerce,Dharwad",male,Bengaluru,Karnataka
4,Think and Learn Pvt. Ltd. (BYJU&#x27S),Academic Mentor  Faculty K10,Mechanical Engineering,B.Tech,Guru Gobind Singh Indraprastha University,male,Noida,Uttar Pradesh
0,0,0,Electronics & Communication Engineering,B.Tech,Ramachandra college of engineering ,Female,Eluru,Andhra Pradesh
6,Deloitte Consulting India Pvt Ltd,Consultant,Electronics & Instrumentation Engineering,B.Tech,Maharishi Dayanand University,male,Faridabad,Haryana
10+,Astrazeneca,Senior Manager,Information & Technology,MSc,Alagappa University,male,Chennai,Tamil Nadu
2,Cognizant Technology Solutions India Pvt Ltd,Programmer Analyst,Electronics & Communication Engineering,Dual Degree (B.Tech + M.Tech),KIIT University,male,Kolkata,West Bengal
2,Epsilon,Advertiser Development operations analyst,Business Administration,BBA,CMR University,Female,Bengaluru,Karnataka
3,Ericsson India Global Pvt Ltd,Network Engineer,Electronics & Communication Engineering,B.Tech,Jaypee University of Engineering and Technology,male,Pune,Maharashtra
5,Transsys Solutions,Senior Software Engineer,Information & Technology,B.E,Osmania University,female,Hyderabad,Telangana
5,Virtusa Consulting Services Pvt. Ltd.,Consultant,Marketing and Finance,MBA,Institute of public enterprise,male,Hyderabad,Telangana
2,Dminds technology ltd,Associate,Civil Engineering,Dual degree,IIT Madras,Male,Chennai,Tamil Nadu
1,NCREDUSERVICES,Subject matter of expert(Statistics),Analytics & Finance,BSc,Amity University,male,Delhi,Delhi
8,Verizon,Eus,Electrical Engineering,B.Tech,Jntu,Male,Hyderabad,Telangana
10+,Apttus Software,Senior Manager,General Management,MBA,IIM Ahmedabad,male,Ahmedabad,Gujarat
1,Capgemini India Pvt Limited,Senior software engineer,Electronics & Communication Engineering,B.Tech,"Sardar Vallabhbhai National Institute of Technology, Surat",Female,Hyderabad,Telangana
4,ADP Ltd,Senior Member technical ,Computer Science / Engineering,B.Tech,"National Institute of Technology, Puducherry",male,Hyderabad,Telangana
0,0,0,Data analysis,BCA,Amrita Vishwa Vidyapeetham,female,Abu Dhabi,Abu Dhabi
10+,Wipro Technologies,Technical Leader,Computer Applications,MCA,North Maharashtra University,male,Pune,Maharashtra
3,Stylabs Info Solutions,Associate Software Architect,Mechanical Engineering,B.E,University of Mumbai,male,Mumbai,Maharashtra
5,Infosys Ltd.,Test Analyst,Electronics & Communication Engineering,B.Tech,Roorkee Engineering and Management Technology institute,Male,Pune,Maharashtra
1,Amazon,VCM associate,Electrical Engineering,B.Tech,Maulana Abul Kalam Azad University of Technology,male,Bengaluru,Karnataka
7,HCL,Associate Business Manager,Management ,MBA,"BIM, Trichy",Male,Chennai,Tamil Nadu
10,Hexaware,Technical architect,Computer Science / Engineering,B.Tech,ICFAI Hyderabad,male,Chennai,Tamil Nadu
1,NJ India,null,"Finance, MDBA",null,SIMS,null,null,null
0,IT People Corporation,0,Human Resource,0,Jyoti nivas college,0,0,0
3,Happily Spiritual Pvt Ltd,Director,Computer Science / Engineering,B.Tech,Guru Gobind Singh Indraprastha University,male,New Delhi,Delhi
10+,UTC ,Technical Specialist ,Electronics & Communication Engineering,B.Tech,Acharya Nagarjuna University,Male,Hyderabad,Telangana
9,Deutsche Bank AG,Senior Analyst,Computer Science / Engineering,B.Tech,Jaypee Institute of Information Technology,male,Berlin,Berlin
8,Accenture,Sr. Developer,Electronics & Communication Engineering,B.E,Rajiv Gandhi Proudyogiki Vishwavidyalaya,male,Bengaluru,Karnataka
9,Ericsson India Global Pvt Ltd,Engineer,Electronics & Communication Engineering,B.Tech,Maharshi Dayanand Saraswati University,male,Muscat,Muscat Governorate
9,Infosys Ltd.,Technology Analyst,Electronics & Telecommunication Engineering,B.Tech,Eastern Academy of Science & Technology,male,Pleasanton,California
0,HUAWEI TECHNOLOGIES INDIA PVT LTD,0,"COMPUTER SCIENCE AND INFORMATION TECHNOL, B. Tech",0,GUDLAVALLERU ENGINEERING COLLEGE,0,0,0
10+,Honeywell  Technology Solutions Lab,Technical Lead,Mechanical Engineering,B.E,Visvesvaraya Technological University,male,Bengaluru,Karnataka
3,Sap Labs India Pvt Ltd,Developer Associate,Information & Communication Technology,B.Tech,Dhirubhai Ambani Institute of Information and Communication Technology,female,Bengaluru,Karnataka
10+,British Telecom,Lead Consultant,Electronics & Communication Engineering,B.Tech,DIT University,male,Bengaluru,Karnataka
6,Amazon development center,Business operations specialist,Bbm,Graduation,St. Joseph's degree college,Male,Hyderabad,Telangana
10+,global green growth institute,ERP Analyst,Statistics,BSc,Acharya Nagarjuna University,male,Seoul,Seoul
3,Amazon,seller support,Chemistry,BSc,Kurukshetra University,female,Bengaluru,Karnataka
4,JP Morgan,Software Engineer ,Information Science,B.E,PES Institute of Technology-Bangalore South Campus,male,Bengaluru,Karnataka
3,NO,0,"Geo-Informatics, Master of Science",0,University of Twente,0,0,0
3,Vcare Call Center India Pvt Ltd,Software Developer,Electronics & Communication Engineering,B.Tech,Birla Institute of Applied Sciences,male,Noida,Uttar Pradesh
0,0,0,0,0,0,0,0,0
0,0,0,0,0,0,female,Hyderabad,Telangana
0,0,Self-employed ,Commerce,M.Com,University of Mumbai,Male,Mumbai,Maharashtra
10+,RaneT4U ,Principal Member of Technical Staff,Civil Engineering,B.Tech,Calicut university ,Female,Bengaluru,Karnataka
0,Eurofins IT Solution,0,"IT, B.Tech",0,Bengal Institute of technology and management,0,0,0
0,Tek systems,0,"CS, No",0,Govt Polytechnic,0,0,0
0,Wipro Technologies,0,"CSE, BE",0,Karunya University,0,0,0
0,NA,0,"Commerce, Bachelor's of commer",0,Maharaja Sayajirao University,0,0,0
10+,synamedia,software architect,Computer Science / Engineering,MSc,University of Mysore,male,Bengaluru,Karnataka
7,Accenture,Application Development Senior Analyst,Analytics & Finance,B.Tech,"Jawaharlal Nehru Technological University, Kakinada",male,Bangalore,0
5,Wipro Technologies,Associate Consultant,Computer Science / Engineering,B.Tech,Gandhi Institute of Technology and Management,Male,Hyderabad,Telangana
0,0,0,0,0,0,Male,Ahmedabad,Gujarat
5.5,No,0,"Electronics, Bachelor of Science",0,Sarada Degree Collage,0,0,0
4,Teradata India Ltd,Product Support engineer,Electronics & Communication Engineering,B.Tech,Jawaharlal Nehru Technological University,male,Hyderabad,Telangana
0,0,0,0,0,0,male,Bathinda,Punjab
10+,Honeywell  Technology Solutions Lab,Sr. Systems Engineer,Electronics & Communication Engineering,B.E,Sri Krishna College of Engineering and Technology,male,Bengaluru,Karnataka
0,0,0,0,0,0,0,0,0
2,Accenture,Application development associate,Information & Technology,B.Tech,Veer Surendra Sai University of Technology,female,Pune,Maharashtra
0,0,0,0,0,0,male,New Delhi,Delhi
10+,Qualcomm,ETL lead,Electronics & Communication Engineering,B.Tech,Jawaharlal Nehru Technological University,female,Hyderabad,Telangana
0,Syntel Inc.,0,Computer Science / Engineering,0,N/A,0,0,0
4,IIHM,"HoD,Digital Marketing",Electronics & Communication Engineering,B.Tech,Jawaharlal Nehru Technological University,male,Bengaluru,Karnataka
0,0,0,0,0,0,male,Jaipur,Rajasthan
2,Cognizant Technology Solutions India Pvt Ltd,Senior Process Executive,Physics,MSc,University of Mumbai,Male,Mumbai,Maharashtra
0,0,0,0,0,0,Male,Bengaluru,Karnataka
10+,Vedanta Limited,Associate General Manager-Import coal procurement,Instrumentation Control / Engineering,B.E,Bharath Institute of Higher Education and Research,Male,Jharsuguda,Odisha
5,Cognizant Technology Solutions India Pvt Ltd,Tech lead,Information & Technology,B.Tech,Srm Easwari engineering college,Female,Bengaluru,Karnataka
0,0,0,0,0,0,0,0,0
0,ERICSSON GLOBAL SERVICES PVT LTD,0,"ECE, BTECH",0,Netaji Subhash Engineering College,0,0,0
10+,Kantar,Executive,Artificial Intelligence,BA Hons,Magadh University,male,Patna,Bihar
0,0,0,0,0,0,Male,Bengaluru,Karnataka
1,global data pvtltd,senior researcher,doctor of pharmacy,doctor of pharmacy,Osmania University,female,Hyderabad,Telangana
0,RBC,0,"ECE, BTECH",0,NIT TRICHY,0,0,0
10+,Vodafone shared services center ,Testing Manager ,Electronics & Electrical Engineering,B.Tech,Jawaharlal Nehru Technological University,Male,Pune,Maharashtra
5,Deloitte Consulting India Pvt Ltd,BTA,Information & Technology,B.Tech,GMRIT Rajam,Female,Bengaluru,Karnataka
0,Saggezza India Pvt Ltd,0,"ECE, B.Tech",0,SRM University,0,0,0
0,Interra Information Technologies now Self Employed,0,"Computer Technology, Degree",0,MIET,0,0,0
10+,BMC siftware pvt ltd,Senior product developer,Computer Science / Engineering,M.Tech,Birla Institute of Technology and Science,Male,Bengaluru,Karnataka
1,Oracle Finance Services Software,Associate Consultant,Electronics & Communication Engineering,B.Tech,"Sardar Vallabhbhai National Institute of Technology, Surat",male,Bengaluru,Karnataka
2.5,NoBroker,0,IT,0,BUNDELKHAND UNIVERSITY,0,0,0
0,0,0,0,0,0,0,0,0
0,Mercer Consulting,0,"Information Technology, BE",0,PVPP COE,0,0,0
4,Synchrony Financial,Skip tracing,Finance,MBA,Osmania University,male,Hyderabad,Telangana
10,Kg hospital,Chief,Medical Science,PhD,Kg hospital,Male,Coimbatore,Tamil Nadu
0,0,0,0,0,0,0,0,0
2,Capgemini India Pvt Limited,sr. Software Engineer,Computer Science / Engineering,B.Tech,Baddi University of Emerging Sciences and Technologies,male,Pune,Maharashtra
7,Wells Fargo India Solutions Pvt Ltd,Data Analytics Engineer,Computer Science / Engineering,B.Tech,Siliguri Institute Of Technology,male,Bengaluru,Karnataka
3,InsideView India Pvt. Ltd,Associate Data Analyst,Management ,bachelors in arts (economics honours),Sambalpur University,female,Hyderabad,Andhra Pradesh
5.5,NO,0,"Computer Science and Engineering, BTech",0,Sree Vidyanikethan Engineering College,0,0,0
10+,Hitachi Consulting,Architect,Computer Science / Engineering,B.E,Birla Institute of Technology and Science,male,Hyderabad,Telangana
8,Novo Nordisk,Advanced Business Anlyst,Electronics & Electrical Engineering,B.Tech,Jawaharlal Nehru Technological University,male,Bengaluru,Karnataka
2,Accenture,Business Operation Associate,Electronics & Communication Engineering,B.Tech,PDM College Of Engineering For Women,female,Delhi/NCR,Delhi
10+,Eurofins IT solutions,Test lead,Electronics & Communication Engineering,B.E,Vemana Institute of technology,Male,Bengaluru,Karnataka
0,MiQ Digital India Pvt Ltd,0,"Economics, Msc",0,BITS Pilani,0,0,0
1,PARASCADD PVT LTD,PIPING ENGINEER,Mechanical Engineering,B.Tech,Punjab Technical University,male,Kapurthala,Punjab
0,0,0,Electronics & Communication Engineering,B.E,NMCE Peth,Female,Karad,Maharashtra
0,0,0,0,0,0,male,Vijayawada,Andhra Pradesh
10+,Tata Consultancy Services,Associate Consultant,Computer Science / Engineering,B.Tech,Visva-Bharati University,male,Kolkata,West Bengal
7,Infocepts Technologies Pvt. Ltd.,Project Lead,Electronics Engineering,B.E,Rashtrasant Tukadoji Maharaj Nagpur University,male,Nagpur,Maharashtra
0,0,0,0,0,0,Female,Indore,Madhya Pradesh
4,Accenture,Application Development Senior Analyst,Electronics & Communication Engineering,B.E,Visvesvaraya Technological University,female,Bengaluru,Karnataka
10+,Honeywell  Technology Solutions Lab,Technology Specialist,Electronics & Electrical Engineering,B.Tech,"Govt college of engineering Kannur,Kerala",male,Bengaluru,Karnataka
10+,Reliance Jio Infocomm Ltd,Assistant Vice President,Management ,B.Tech,Indian Institute of Management Calcutta,male,Mumbai,Maharashtra
1,Reliance Industries Ltd,0,"Electrical Engineering, B.Tech",0,National Institute of Technology Raipur,0,0,0
0,Hexaware Technologies,0,"Electrical and electronics, BTech",0,United Institute of Technology,0,0,0
0,Accenture Pte Ltd,0,"CSE, B. Tech",0,Shadan College of Engineering and Technology,0,0,0
3,Syntel,0,0.5,0,JBIET,0,0,0
6,Sodexo,"Operational Excellence Lead, Asia Pacific ",Management ,MBA,indian institute of management udaipur,male,Singapore,Singapore
10+,IBM India Private Ltd,Test Lead,Statistics,MSc,Savitribai Phule Pune University,female,Bengaluru,Karnataka
10+,HCL,AGM,Computer Science / Engineering,MCA,Indira gandhi national open university,Female,Noida,Uttar Pradesh
1,TCS,Assistant system engineer,Computer Science / Engineering,B.Tech,Gitam university,male,Bengaluru,Karnataka
10,capco technologies pvt ltd,Senior consultant,Mechanical Engineering,B.Tech,Hindustan Institute of Technology and Science,male,Bengaluru,Karnataka
9,Oracle India Pvt.Ltd.,Senior Member Technical Staff,Computer Science / Engineering,M.Tech,"International Institute of Information Technology, Hyderabad",female,Bengaluru,Karnataka
1,Infosys Ltd.,System Engineer,Information & Technology,B.E,Savitribai Phule Pune University,male,Pune,Maharashtra
0,Honeywell Technology,0,"Computer Science, Master Of Science",0,Manipal University(Distance Education),0,0,0
0,National Design and Research Forum,0,"Electrical Engineering, B E",0,University Visvesvaraya College of Engineering (Bangalore University),0,0,0
9,Capgemini India Pvt Limited,Lead,Mathematics,MSc,Acharya Nagarjuna University,male,Pune,Maharashtra
0,0,0,0,0,0,male,Delhi,Delhi
0,0,0,Electronics & Communication Engineering,B.Tech,Shiv Nadar University,female,Hyderabad,Telangana
10+,"Caterpillar, Australia",Reporting Specialist,Analytics & Finance,MSc,Acharya Nagarjuna University,male,Brisbane City,Queensland
10+,Tech Mahindra,Project Manager,Mechanical Engineering,B.E,Visvesvaraya Technological University,male,Hyderabad,Telangana
0,TATA CONSULTANCY SERVICES LIMITED,0,"INFORMATION TECHNOLOGY, BACHELORS",0,"SARDAR VALLABHBHAI PATEL INSTITUTE OF TECHNOLOGY, VASAD",0,0,0
10+,IBM India Private Ltd,Power Systems Consultant,Computer Science / Engineering,M.Tech,bits pilani,female,Bengaluru,Karnataka
0,0,0,0,0,0,male,Sterling,Virginia
10+,Ericsson India Global Pvt Ltd,Director Strategy,Software Development / Engineering,M.E,Birla Institute of Technology,male,Gurugram,Haryana
0,0,0,Commerce,B.Com,Amrita Vishwa Vidyapeetham,male,Mavelikara,Kerala
0,0,0,Economics,BSc,Symbiosis International University,male,Pune,Maharashtra
7,Mutual Mobile,QA Engineer,Electronics & Communication Engineering,B.Tech,Jawaharlal Nehru Technological University,male,Hyderabad,Telangana
0,JP Morgan,null,"Civil Engineering, Dual Degree",null,"Indian Institute of Technology,Madras",null,null,null
0,0,0,0,0,0,female,Hyderabad,Telangana
1,Tata Consultancy Services,Assistant System Engineer,Electronics & Communication Engineering,B.Tech,Pragati Engineering College,male,Bengaluru,Karnataka
0,NA,0,"IT, BE",0,Government College of Engineering Aurangabad,0,0,0
0,Reliance Jio Infocom Ltd,0,"EXTC, BTECH",0,NMIMS,0,0,0
2,Tata Consultancy Services,System Engineer,Electronics & Communication Engineering,B.E,Shri Dharmasthala Manjunatheshwara College of Engineering and Technology.,male,Chennai,Tamil Nadu
1,Cognizant Technology Solutions India Pvt Ltd,Analyst Trainee,Electrical Engineering,B.Tech,Calcutta Institute of Engineering and Management,Male,Kolkata,West Bengal
10+,HDFC BANK,Sr. Functional Analyst,Finance,P.G.D.B.A ,Prin. L.N. Welingkar Institute of Management Development & Research,male,Mumbai,Maharashtra
2,Birlasoft India Pvt Ltd,Software Engineer,Electronics Engineering,B.Tech,University of Petroleum and Energy Studies,male,Noida,Uttar Pradesh
10+,Adobe,Sr. Lead Software Engineer,Computer Application,MCA,Dr. A.P.J. Abdul Kalam Technical University,female,Noida,Uttar Pradesh
5,deloitte tax india private Ltd,Tax Consultant 2,Finance,MBA,Rajasthan Technical University Kota,male,Hyderabad,Telangana
10,AUM Capital,Executive Director,Accounting & Auditing,B.Com,xaviers college kolkata,male,Kolkata,West Bengal
0,Travelex India Pvt. Ltd.,0,"Finance, PGDBM",0,Sydenham Institute of Management Studies and Research and Entrepreneurship Education,0,0,0
0,NSEIL,0,"CSE, B.Tech.",0,Vellore Institute of Technology,0,0,0
7,Etisalat,BI Consultant,Information & Technology,B.Tech,Mahatma Gandhi University,male,Abu Dhabi,Abu Dhabi
4,promition infotech,business development manager,Computer Science / Engineering,B.Tech,Gujarat Technological University,female,Gurugram,Haryana
5,Cognizant Technology Solutions India Pvt Ltd,Associate,Information & Technology,B.Tech,West Bengal University of Technology,male,Kolkata,West Bengal
0,JK PAPER MILLS LTD.,0,"CHEMICAL, B.TECH",0,CV RAMAN COLLEGE OF ENGINEERING,0,0,0
3,Deloitte Consulting India Pvt Ltd,Consultant,Electronics & Communication Engineering,B.Tech,G Narayanamma Institute of Technology and Science,female,Hyderabad,Telangana
2,Tech Mahindra,Software Engineer,Electronics & Communication Engineering,B.Tech,Jawaharlal Nehru Technological University,male,Bengaluru,Karnataka
0,Capgemini,0,"Computer Science and Engineering, BE",0,Oxford Engineering College,0,0,0
10+,Ventura India,Project lead,Electronics Engineering,B.E,University of Mumbai,male,Pune,Maharashtra
4,Seagull Advertising,SEM Manager,Analytics & Finance,M.Com,Dr.DY Patil College of ACS,male,Pune,Maharashtra
0,Honeywell,0,"Electronics and Communications, BE",0,Mangalore University,0,0,0
0,TCS,0,"IT, B.E.",0,"Oriental Institute of Sci. and Tech., Bhopal, (M.P.)",0,0,0
8,Accenture,Senior Analyst,Mechanical Engineering,B.E,Rajiv Gandhi Proudyogiki Vishwavidyalaya,male,Noida,Uttar Pradesh
8,Capgemini India Pvt Limited,Senior Consultant,Electronics & Telecommunication Engineering,B.E,Sant Gadge Baba Amravati University,male,Pune,Maharashtra
10,IBM India Private Ltd,Migration Specialist,Electronics & Communication Engineering,B.E,sri krishna institute of technology,female,Bengaluru,Karnataka
0,Infosys Ltd,0,"CSE, BTech",0,NagarjunaInstituteOfTech&Sci,0,0,0
8,Fiserv India Pvt. ltd.,Process Consultant,Computer Science / Engineering,B.Tech,Gandhi Institute of Engineering and Technology,male,Pune,Maharashtra
10+,Certain Inc,Staff Engineer / Product manager,Computer Science / Engineering,B.E,Visvesvaraya Technological University,male,Dublin,California
7,Graymatrix Pvt ltd,Senior System Analyst,Information & Technology,B.Tech,Rajasthan Technical University Kota,female,Pune,Maharashtra
10+,Honeywell  Technology Solutions Lab,Program Manager,Analytics & Finance,MCA,Bangalore University,male,Bengaluru,Karnataka
7,British Telecom,Analyst,Computer Science / Engineering,B.Tech,Biju Patnaik University of Technology,Male,Bengaluru,Karnataka
0,0,0,0,0,0,male,Bengaluru,Karnataka
10+,Amnex Infotechnologies Pvt Ltd,Manager - Strategic Alliances,Management ,Masters Diploma in Business Administration,Symbiosis Center for Distance Learning,male,Ahmedabad,Gujarat
10+,JP Morgan,Research Associate,Electrical Engineering,B.E,Maharana Pratap College of Technology,Male,Bengaluru,Karnataka
5,Wipro Technologies,Associate Consultant,Computer Science / Engineering,B.Tech,Gandhi Institute of Technology and Management,Male,Hyderabad,Telangana
3,Balmer Lawrie & Co. Ltd.,Asst Manager,Mechanical Engineering,B.E,University of Delhi,male,Lucknow,Uttar Pradesh
7,volvo India,Senior application developer ,Computer Science / Engineering,B.E,Visvesvaraya Technological University,male,Bengaluru,Karnataka
4,Markit India Service Pvt Ltd,Associate,Information & Technology,B.Tech,IEC University,male,Noida,Uttar Pradesh
7,Cybage Software,BI Lead,supply chain management,MBA,Narsee Monjee Institute of Management and Higher Studies,male,Pune,Maharashtra
0,Cap Gemini,0,Bsc Chem,0,Mumbai University,0,0,0
10+,Mindtree Ltd,Program Director,Electronics & Instrumentation Engineering,B.E,University of Mysore,male,Bengaluru,Karnataka
6,Amazon,Transaction Risk Investigator,Marketing,MBA,Jaipur National University,male,Bengaluru,Karnataka
0,Tcs,0,"ECE, B.tech",0,"GIMET, Amritsar",0,0,0
10+,Apple,Software Engineer,Electronics & Telecommunication Engineering,B.Tech,KIIT University,Male,Dublin,California
